{
  "hash": "33c7c8c3",
  "configHash": "01a54692",
  "lockfileHash": "43e8e61a",
  "browserHash": "ffab7f29",
  "optimized": {
    "@angular/common": {
      "src": "../../../../../../node_modules/@angular/common/fesm2022/common.mjs",
      "file": "@angular_common.js",
      "fileHash": "ab96274a",
      "needsInterop": false
    },
    "@angular/core": {
      "src": "../../../../../../node_modules/@angular/core/fesm2022/core.mjs",
      "file": "@angular_core.js",
      "fileHash": "90859ea0",
      "needsInterop": false
    },
    "@angular/forms": {
      "src": "../../../../../../node_modules/@angular/forms/fesm2022/forms.mjs",
      "file": "@angular_forms.js",
      "fileHash": "111ee832",
      "needsInterop": false
    },
    "@angular/platform-browser": {
      "src": "../../../../../../node_modules/@angular/platform-browser/fesm2022/platform-browser.mjs",
      "file": "@angular_platform-browser.js",
      "fileHash": "1ab294bd",
      "needsInterop": false
    },
    "@angular/platform-server": {
      "src": "../../../../../../node_modules/@angular/platform-server/fesm2022/platform-server.mjs",
      "file": "@angular_platform-server.js",
      "fileHash": "219f74e1",
      "needsInterop": false
    },
    "@angular/router": {
      "src": "../../../../../../node_modules/@angular/router/fesm2022/router.mjs",
      "file": "@angular_router.js",
      "fileHash": "cb467ff6",
      "needsInterop": false
    },
    "html2canvas": {
      "src": "../../../../../../node_modules/html2canvas/dist/html2canvas.esm.js",
      "file": "html2canvas.js",
      "fileHash": "19e09913",
      "needsInterop": false
    },
    "jspdf": {
      "src": "../../../../../../node_modules/jspdf/dist/jspdf.es.min.js",
      "file": "jspdf.js",
      "fileHash": "6e526e64",
      "needsInterop": false
    }
  },
  "chunks": {
    "purify.es-PFFETZFA": {
      "file": "purify__es-PFFETZFA.js"
    },
    "index.es-XTREFZ5V": {
      "file": "index__es-XTREFZ5V.js"
    },
    "xhr2-ISERFGGE": {
      "file": "xhr2-ISERFGGE.js"
    },
    "chunk-RZMU4C3J": {
      "file": "chunk-RZMU4C3J.js"
    },
    "chunk-O2K6NUWL": {
      "file": "chunk-O2K6NUWL.js"
    },
    "chunk-D3JV2RY4": {
      "file": "chunk-D3JV2RY4.js"
    },
    "chunk-NCYSEW5N": {
      "file": "chunk-NCYSEW5N.js"
    },
    "chunk-NQ4HTGF6": {
      "file": "chunk-NQ4HTGF6.js"
    }
  }
}