{
  "hash": "c04dd2b3",
  "configHash": "45f9c715",
  "lockfileHash": "43e8e61a",
  "browserHash": "43afdced",
  "optimized": {
    "@angular/common": {
      "src": "../../../../../../node_modules/@angular/common/fesm2022/common.mjs",
      "file": "@angular_common.js",
      "fileHash": "50230b97",
      "needsInterop": false
    },
    "@angular/core": {
      "src": "../../../../../../node_modules/@angular/core/fesm2022/core.mjs",
      "file": "@angular_core.js",
      "fileHash": "d2b62cad",
      "needsInterop": false
    },
    "@angular/forms": {
      "src": "../../../../../../node_modules/@angular/forms/fesm2022/forms.mjs",
      "file": "@angular_forms.js",
      "fileHash": "d7e8a895",
      "needsInterop": false
    },
    "@angular/platform-browser": {
      "src": "../../../../../../node_modules/@angular/platform-browser/fesm2022/platform-browser.mjs",
      "file": "@angular_platform-browser.js",
      "fileHash": "0efa536f",
      "needsInterop": false
    },
    "@angular/router": {
      "src": "../../../../../../node_modules/@angular/router/fesm2022/router.mjs",
      "file": "@angular_router.js",
      "fileHash": "94246d46",
      "needsInterop": false
    },
    "html2canvas": {
      "src": "../../../../../../node_modules/html2canvas/dist/html2canvas.esm.js",
      "file": "html2canvas.js",
      "fileHash": "db1d2440",
      "needsInterop": false
    },
    "jspdf": {
      "src": "../../../../../../node_modules/jspdf/dist/jspdf.es.min.js",
      "file": "jspdf.js",
      "fileHash": "338d765f",
      "needsInterop": false
    }
  },
  "chunks": {
    "index.es-M52YB3DD": {
      "file": "index__es-M52YB3DD.js"
    },
    "chunk-WUUVWCMF": {
      "file": "chunk-WUUVWCMF.js"
    },
    "chunk-BR7XIBSY": {
      "file": "chunk-BR7XIBSY.js"
    },
    "chunk-HSWXW2KJ": {
      "file": "chunk-HSWXW2KJ.js"
    },
    "chunk-ELZ5P23M": {
      "file": "chunk-ELZ5P23M.js"
    },
    "purify.es-4ZNAMFB3": {
      "file": "purify__es-4ZNAMFB3.js"
    },
    "chunk-TXDUYLVM": {
      "file": "chunk-TXDUYLVM.js"
    }
  }
}